index,id,title,created_at,updated_at,thumbnail_url,model_url
4,mem-1774895805678-xr6ftx,indoor-sofa,Mon Mar 30 2026 14:36:45 GMT-0400 (Eastern Daylight Time),Mon Mar 30 2026 14:36:45 GMT-0400 (Eastern Daylight Time),https://ujfyzwgfknssufsx.public.blob.vercel-storage.com/thumbnails/indoor-sofa.jpg,https://ujfyzwgfknssufsx.public.blob.vercel-storage.com/models/indoor-sofa.ply
5,mem-1774895932179-4seueu,indoor-sofa,Mon Mar 30 2026 14:38:52 GMT-0400 (Eastern Daylight Time),Mon Mar 30 2026 14:38:52 GMT-0400 (Eastern Daylight Time),https://ujfyzwgfknssufsx.public.blob.vercel-storage.com/thumbnails/indoor-sofa-Ud0njqLf3pfoO3t5G6qqqDYt3XuDdq.jpg,https://ujfyzwgfknssufsx.public.blob.vercel-storage.com/models/indoor-sofa-DRdZxUgu3D84iJElTaY6fFjTju4mo9.ply
6,mem-1774897839611-wvg296,IMG_9697,Mon Mar 30 2026 15:10:39 GMT-0400 (Eastern Daylight Time),Mon Mar 30 2026 15:10:39 GMT-0400 (Eastern Daylight Time),https://ujfyzwgfknssufsx.public.blob.vercel-storage.com/thumbnails/IMG_9697-6rLz4s5NRm1Xvqm9BxfBp7oaIi7sID.HEIC,https://ujfyzwgfknssufsx.public.blob.vercel-storage.com/models/IMG_9697-1vBtqI5V3dc5bh5f288tm7giY3AN47.ply
7,mem-1774899650677-zyooxb,IMG_9697,Mon Mar 30 2026 15:40:50 GMT-0400 (Eastern Daylight Time),Mon Mar 30 2026 15:40:50 GMT-0400 (Eastern Daylight Time),https://ujfyzwgfknssufsx.public.blob.vercel-storage.com/thumbnails/IMG_9697-U31leH8vmWA0H9myzSuFcDKDCjOev4.HEIC,https://ujfyzwgfknssufsx.public.blob.vercel-storage.com/models/IMG_9697-DFYFNVUTDje7IvdbWJu5JiyZpc6Id0.ply
8,mem-1774899866394-ye0llf,claire,Mon Mar 30 2026 15:44:26 GMT-0400 (Eastern Daylight Time),Mon Mar 30 2026 15:46:32 GMT-0400 (Eastern Daylight Time),https://ujfyzwgfknssufsx.public.blob.vercel-storage.com/thumbnails/IMG_0936-Pq9qj062K99QMYKf9AOTnrIocCi24P.jpeg,https://ujfyzwgfknssufsx.public.blob.vercel-storage.com/models/IMG_0936-08CxhTc2OS2BqduJ8ryJx0MVa6HfIE.ply
9,mem-1775102545407-nncxgy,c9c97626784b036a0f9e7e2b1c6c088c,Thu Apr 02 2026 00:02:25 GMT-0400 (Eastern Daylight Time),Thu Apr 02 2026 00:02:25 GMT-0400 (Eastern Daylight Time),https://ujfyzwgfknssufsx.public.blob.vercel-storage.com/thumbnails/c9c97626784b036a0f9e7e2b1c6c088c-rUyjqotIzzJX1sFSo0Ufzy4aPVz7cs.JPG,https://ujfyzwgfknssufsx.public.blob.vercel-storage.com/models/c9c97626784b036a0f9e7e2b1c6c088c-Y20NKvdnGq8YuGLkg0fQOGD3lzVTEn.ply
10,mem-1775102620153-47st96,IMG_9694,Thu Apr 02 2026 00:03:40 GMT-0400 (Eastern Daylight Time),Thu Apr 02 2026 00:03:57 GMT-0400 (Eastern Daylight Time),https://ujfyzwgfknssufsx.public.blob.vercel-storage.com/thumbnails/IMG_9694-rLb20EL99zT13ZFfx5JATXuUpfUpOx.HEIC,https://ujfyzwgfknssufsx.public.blob.vercel-storage.com/models/IMG_9694-bNUttaIqI30zGTiYbPZVjB5xYtKVvf.ply
11,mem-1775234945986-0g6e0d,IMG_9694 (1),Fri Apr 03 2026 12:49:06 GMT-0400 (Eastern Daylight Time),Fri Apr 03 2026 12:49:06 GMT-0400 (Eastern Daylight Time),https://ujfyzwgfknssufsx.public.blob.vercel-storage.com/thumbnails/IMG_9694%20%281%29-imrF8cRo12lMw3ji3OvlKe4wqiChR1.HEIC,https://ujfyzwgfknssufsx.public.blob.vercel-storage.com/models/IMG_9694%20%281%29-go4TFnHUKamegheIT28rm74FHVxqkf.ply
12,mem-1775235125990-3wu2uf,IMG_3559,Fri Apr 03 2026 12:52:06 GMT-0400 (Eastern Daylight Time),Fri Apr 03 2026 12:52:06 GMT-0400 (Eastern Daylight Time),https://ujfyzwgfknssufsx.public.blob.vercel-storage.com/thumbnails/IMG_3559-AxiTjlDAvCBUJ1GVk5YVqWBnJT3eDy.HEIC,https://ujfyzwgfknssufsx.public.blob.vercel-storage.com/models/IMG_3559-rQGCT1ttTLTGpoSRiYDQfLKNqrNvbR.ply
13,mem-1775235216809-yc1unj,c9c97626784b036a0f9e7e2b1c6c088c,Fri Apr 03 2026 12:53:36 GMT-0400 (Eastern Daylight Time),Fri Apr 03 2026 12:53:36 GMT-0400 (Eastern Daylight Time),https://ujfyzwgfknssufsx.public.blob.vercel-storage.com/thumbnails/c9c97626784b036a0f9e7e2b1c6c088c-WdQyuQGWbiZVBhyPyevOzXLNr7Nrmq.JPG,https://ujfyzwgfknssufsx.public.blob.vercel-storage.com/models/c9c97626784b036a0f9e7e2b1c6c088c-kuHqjSnSoJKPykfoGlLsFEmFHq4HK7.ply
14,mem-1775235267284-r3r5ob,IMG_9694,Fri Apr 03 2026 12:54:27 GMT-0400 (Eastern Daylight Time),Fri Apr 03 2026 12:54:27 GMT-0400 (Eastern Daylight Time),https://ujfyzwgfknssufsx.public.blob.vercel-storage.com/thumbnails/IMG_9694-265XYxCja9XR8xbrH5FUI6sCSsWgXq.HEIC,https://ujfyzwgfknssufsx.public.blob.vercel-storage.com/models/IMG_9694-uZQZSWxtlxkpYTKrMXodChzzUa3Lnd.ply
15,mem-1775235400218-eabxn7,cable car,Fri Apr 03 2026 12:56:40 GMT-0400 (Eastern Daylight Time),Fri Apr 03 2026 12:57:11 GMT-0400 (Eastern Daylight Time),https://ujfyzwgfknssufsx.public.blob.vercel-storage.com/thumbnails/6a03039216f045d89142b096713006dc-bDLDe6r9eTk6zPiieETtN33WJPzM8L.JPG,https://ujfyzwgfknssufsx.public.blob.vercel-storage.com/models/6a03039216f045d89142b096713006dc-YQDdf9191JeySD7ucF271UUAMpfYc6.ply
16,mem-1775235495274-uy4l34,snow burried car,Fri Apr 03 2026 12:58:15 GMT-0400 (Eastern Daylight Time),Fri Apr 03 2026 12:58:55 GMT-0400 (Eastern Daylight Time),https://ujfyzwgfknssufsx.public.blob.vercel-storage.com/thumbnails/01f5ff6ce523e98b629e7b30ee6e8724-oq5SzrCpP4XcIpy1wf5AX9DQbI7JBG.HEIC,https://ujfyzwgfknssufsx.public.blob.vercel-storage.com/models/01f5ff6ce523e98b629e7b30ee6e8724-mrTkUXreqERqFy1kOFj8nxT77zy8r4.ply
17,mem-1775235575246-2ouqfy,snowman,Fri Apr 03 2026 12:59:35 GMT-0400 (Eastern Daylight Time),Fri Apr 03 2026 13:00:03 GMT-0400 (Eastern Daylight Time),https://ujfyzwgfknssufsx.public.blob.vercel-storage.com/thumbnails/8e4077f29116f4c5b6a098eeeb323245-HuEyJOQh0qsA0cK5Z7If5U4S1Uawvn.HEIC,https://ujfyzwgfknssufsx.public.blob.vercel-storage.com/models/8e4077f29116f4c5b6a098eeeb323245-pdHTJAeNGy21WxYWBkxM5nMElg3FxF.ply
18,mem-1775249686333-bhxkys,IMG_9694,Fri Apr 03 2026 16:54:46 GMT-0400 (Eastern Daylight Time),Fri Apr 03 2026 16:54:46 GMT-0400 (Eastern Daylight Time),https://ujfyzwgfknssufsx.public.blob.vercel-storage.com/thumbnails/IMG_9694-GMfzn0IZqE67bp8HpE2noIqaguB81K.HEIC,https://ujfyzwgfknssufsx.public.blob.vercel-storage.com/models/IMG_9694-9D7WhgnXYHGJrYYDJN19GTO33SJtpG.ply
19,mem-1775503521491-8a6r0y,IMG_9694 (1),Mon Apr 06 2026 15:25:21 GMT-0400 (Eastern Daylight Time),Mon Apr 06 2026 15:25:21 GMT-0400 (Eastern Daylight Time),https://ujfyzwgfknssufsx.public.blob.vercel-storage.com/thumbnails/IMG_9694%20%281%29-A3zwMReyh8dHbfXYefelWWH6Zm0cCP.jpeg,https://ujfyzwgfknssufsx.public.blob.vercel-storage.com/models/IMG_9694%20%281%29-k434C38eKgXvY28nStWZUcIF3tpS1J.ply
20,mem-1775504955237-vfzlvd,IMG_9694 (1),Mon Apr 06 2026 15:49:15 GMT-0400 (Eastern Daylight Time),Mon Apr 06 2026 15:49:15 GMT-0400 (Eastern Daylight Time),https://ujfyzwgfknssufsx.public.blob.vercel-storage.com/thumbnails/IMG_9694%20%281%29-ERxdgbi4DOZIsa3UWfIWWwI8IJLiC7.jpeg,https://ujfyzwgfknssufsx.public.blob.vercel-storage.com/models/IMG_9694%20%281%29-NJYkrzHhTJpa49LxrxzUpupju0GFph.ply
21,mem-1777389852839-xp4ti0,IMG_0803,Tue Apr 28 2026 11:24:12 GMT-0400 (Eastern Daylight Time),Tue Apr 28 2026 11:24:12 GMT-0400 (Eastern Daylight Time),https://ujfyzwgfknssufsx.public.blob.vercel-storage.com/thumbnails/IMG_0803-hLw1hPqIwJ8Y81ksYedTTFoheBXZTE.jpeg,https://ujfyzwgfknssufsx.public.blob.vercel-storage.com/models/IMG_0803-ZFc3aQz1xdv7z1tyhI7qbZ7qJ9IFkP.ply
22,mem-1777390023730-bypwyc,IMG_0822,Tue Apr 28 2026 11:27:03 GMT-0400 (Eastern Daylight Time),Tue Apr 28 2026 11:27:03 GMT-0400 (Eastern Daylight Time),https://ujfyzwgfknssufsx.public.blob.vercel-storage.com/thumbnails/IMG_0822-aLZ67xNXahnFQRTj78RdCprrZttD6L.jpeg,https://ujfyzwgfknssufsx.public.blob.vercel-storage.com/models/IMG_0822-ogNCjh6k6l8iFmfugtZz4MqUOPkAKJ.ply
23,mem-1777390386727-iqxorp,IMG_0835,Tue Apr 28 2026 11:33:06 GMT-0400 (Eastern Daylight Time),Tue Apr 28 2026 11:33:06 GMT-0400 (Eastern Daylight Time),https://ujfyzwgfknssufsx.public.blob.vercel-storage.com/thumbnails/IMG_0835-6ySc50jeyMkwTHEG8K9rmCVj0WeHBT.jpeg,https://ujfyzwgfknssufsx.public.blob.vercel-storage.com/models/IMG_0835-Gc0IS0R1U4n1BuOpO7ur2Wq9Z0d2Ml.ply
