pathname,size,downloadedBytes,uploadedAt,etag,url,downloadUrl,localPath
thumbnails/01f5ff6ce523e98b629e7b30ee6e8724-oq5SzrCpP4XcIpy1wf5AX9DQbI7JBG.HEIC,1141809,1141809,2026-04-03T16:58:16.000Z,"""5207d3ba4d6daf67809da25fea6e266b""",https://ujfyzwgfknssufsx.public.blob.vercel-storage.com/thumbnails/01f5ff6ce523e98b629e7b30ee6e8724-oq5SzrCpP4XcIpy1wf5AX9DQbI7JBG.HEIC,https://ujfyzwgfknssufsx.public.blob.vercel-storage.com/thumbnails/01f5ff6ce523e98b629e7b30ee6e8724-oq5SzrCpP4XcIpy1wf5AX9DQbI7JBG.HEIC?download=1,/Users/astra/Documents/GitHub/memories-relive/backups/vercel-blob-thumbnails-2026-04-29_04-46-08/thumbnails/01f5ff6ce523e98b629e7b30ee6e8724-oq5SzrCpP4XcIpy1wf5AX9DQbI7JBG.HEIC
thumbnails/6a03039216f045d89142b096713006dc-bDLDe6r9eTk6zPiieETtN33WJPzM8L.JPG,471368,471368,2026-04-03T16:56:41.000Z,"""ba3f8c28b41ad762311834933cb42606""",https://ujfyzwgfknssufsx.public.blob.vercel-storage.com/thumbnails/6a03039216f045d89142b096713006dc-bDLDe6r9eTk6zPiieETtN33WJPzM8L.JPG,https://ujfyzwgfknssufsx.public.blob.vercel-storage.com/thumbnails/6a03039216f045d89142b096713006dc-bDLDe6r9eTk6zPiieETtN33WJPzM8L.JPG?download=1,/Users/astra/Documents/GitHub/memories-relive/backups/vercel-blob-thumbnails-2026-04-29_04-46-08/thumbnails/6a03039216f045d89142b096713006dc-bDLDe6r9eTk6zPiieETtN33WJPzM8L.JPG
thumbnails/8e4077f29116f4c5b6a098eeeb323245-HuEyJOQh0qsA0cK5Z7If5U4S1Uawvn.HEIC,3264280,3264280,2026-04-03T16:59:36.000Z,"""b0739dadc168fa28bb91300d2c7a2cf5""",https://ujfyzwgfknssufsx.public.blob.vercel-storage.com/thumbnails/8e4077f29116f4c5b6a098eeeb323245-HuEyJOQh0qsA0cK5Z7If5U4S1Uawvn.HEIC,https://ujfyzwgfknssufsx.public.blob.vercel-storage.com/thumbnails/8e4077f29116f4c5b6a098eeeb323245-HuEyJOQh0qsA0cK5Z7If5U4S1Uawvn.HEIC?download=1,/Users/astra/Documents/GitHub/memories-relive/backups/vercel-blob-thumbnails-2026-04-29_04-46-08/thumbnails/8e4077f29116f4c5b6a098eeeb323245-HuEyJOQh0qsA0cK5Z7If5U4S1Uawvn.HEIC
thumbnails/IMG_0803-hLw1hPqIwJ8Y81ksYedTTFoheBXZTE.jpeg,2293273,2293273,2026-04-28T15:24:13.000Z,"""bfe2e6e2bd1f322e4a264aa546d2f330""",https://ujfyzwgfknssufsx.public.blob.vercel-storage.com/thumbnails/IMG_0803-hLw1hPqIwJ8Y81ksYedTTFoheBXZTE.jpeg,https://ujfyzwgfknssufsx.public.blob.vercel-storage.com/thumbnails/IMG_0803-hLw1hPqIwJ8Y81ksYedTTFoheBXZTE.jpeg?download=1,/Users/astra/Documents/GitHub/memories-relive/backups/vercel-blob-thumbnails-2026-04-29_04-46-08/thumbnails/IMG_0803-hLw1hPqIwJ8Y81ksYedTTFoheBXZTE.jpeg
thumbnails/IMG_0822-aLZ67xNXahnFQRTj78RdCprrZttD6L.jpeg,2010129,2010129,2026-04-28T15:27:04.000Z,"""a80a3a03dcd308aa73a664b3877a5f7b""",https://ujfyzwgfknssufsx.public.blob.vercel-storage.com/thumbnails/IMG_0822-aLZ67xNXahnFQRTj78RdCprrZttD6L.jpeg,https://ujfyzwgfknssufsx.public.blob.vercel-storage.com/thumbnails/IMG_0822-aLZ67xNXahnFQRTj78RdCprrZttD6L.jpeg?download=1,/Users/astra/Documents/GitHub/memories-relive/backups/vercel-blob-thumbnails-2026-04-29_04-46-08/thumbnails/IMG_0822-aLZ67xNXahnFQRTj78RdCprrZttD6L.jpeg
thumbnails/IMG_0835-6ySc50jeyMkwTHEG8K9rmCVj0WeHBT.jpeg,1779736,1779736,2026-04-28T15:33:07.000Z,"""9f0dbaff71329ed315a26aeef0ca74df""",https://ujfyzwgfknssufsx.public.blob.vercel-storage.com/thumbnails/IMG_0835-6ySc50jeyMkwTHEG8K9rmCVj0WeHBT.jpeg,https://ujfyzwgfknssufsx.public.blob.vercel-storage.com/thumbnails/IMG_0835-6ySc50jeyMkwTHEG8K9rmCVj0WeHBT.jpeg?download=1,/Users/astra/Documents/GitHub/memories-relive/backups/vercel-blob-thumbnails-2026-04-29_04-46-08/thumbnails/IMG_0835-6ySc50jeyMkwTHEG8K9rmCVj0WeHBT.jpeg
thumbnails/IMG_0936-Pq9qj062K99QMYKf9AOTnrIocCi24P.jpeg,2704532,2704532,2026-03-30T19:44:27.000Z,"""05c424f0fcd214f0b55dd71dd81cb750""",https://ujfyzwgfknssufsx.public.blob.vercel-storage.com/thumbnails/IMG_0936-Pq9qj062K99QMYKf9AOTnrIocCi24P.jpeg,https://ujfyzwgfknssufsx.public.blob.vercel-storage.com/thumbnails/IMG_0936-Pq9qj062K99QMYKf9AOTnrIocCi24P.jpeg?download=1,/Users/astra/Documents/GitHub/memories-relive/backups/vercel-blob-thumbnails-2026-04-29_04-46-08/thumbnails/IMG_0936-Pq9qj062K99QMYKf9AOTnrIocCi24P.jpeg
thumbnails/IMG_3559-AxiTjlDAvCBUJ1GVk5YVqWBnJT3eDy.HEIC,901116,901116,2026-04-03T16:52:06.000Z,"""17456cc62087e17522f3c6287c57ad72""",https://ujfyzwgfknssufsx.public.blob.vercel-storage.com/thumbnails/IMG_3559-AxiTjlDAvCBUJ1GVk5YVqWBnJT3eDy.HEIC,https://ujfyzwgfknssufsx.public.blob.vercel-storage.com/thumbnails/IMG_3559-AxiTjlDAvCBUJ1GVk5YVqWBnJT3eDy.HEIC?download=1,/Users/astra/Documents/GitHub/memories-relive/backups/vercel-blob-thumbnails-2026-04-29_04-46-08/thumbnails/IMG_3559-AxiTjlDAvCBUJ1GVk5YVqWBnJT3eDy.HEIC
thumbnails/IMG_9694 (1)-A3zwMReyh8dHbfXYefelWWH6Zm0cCP.jpeg,1783336,1783336,2026-04-06T19:25:22.000Z,"""7d37b467347066e497bd7ccb0d156f8b""",https://ujfyzwgfknssufsx.public.blob.vercel-storage.com/thumbnails/IMG_9694%20%281%29-A3zwMReyh8dHbfXYefelWWH6Zm0cCP.jpeg,https://ujfyzwgfknssufsx.public.blob.vercel-storage.com/thumbnails/IMG_9694%20%281%29-A3zwMReyh8dHbfXYefelWWH6Zm0cCP.jpeg?download=1,/Users/astra/Documents/GitHub/memories-relive/backups/vercel-blob-thumbnails-2026-04-29_04-46-08/thumbnails/IMG_9694 (1)-A3zwMReyh8dHbfXYefelWWH6Zm0cCP.jpeg
thumbnails/IMG_9694 (1)-ERxdgbi4DOZIsa3UWfIWWwI8IJLiC7.jpeg,1783336,1783336,2026-04-06T19:49:16.000Z,"""47f7975db70521aa00de56a49b3ab4df""",https://ujfyzwgfknssufsx.public.blob.vercel-storage.com/thumbnails/IMG_9694%20%281%29-ERxdgbi4DOZIsa3UWfIWWwI8IJLiC7.jpeg,https://ujfyzwgfknssufsx.public.blob.vercel-storage.com/thumbnails/IMG_9694%20%281%29-ERxdgbi4DOZIsa3UWfIWWwI8IJLiC7.jpeg?download=1,/Users/astra/Documents/GitHub/memories-relive/backups/vercel-blob-thumbnails-2026-04-29_04-46-08/thumbnails/IMG_9694 (1)-ERxdgbi4DOZIsa3UWfIWWwI8IJLiC7.jpeg
thumbnails/IMG_9694 (1)-imrF8cRo12lMw3ji3OvlKe4wqiChR1.HEIC,1125874,1125874,2026-04-03T16:49:06.000Z,"""d54bf42229b97c6a1455e7de0c475c2e""",https://ujfyzwgfknssufsx.public.blob.vercel-storage.com/thumbnails/IMG_9694%20%281%29-imrF8cRo12lMw3ji3OvlKe4wqiChR1.HEIC,https://ujfyzwgfknssufsx.public.blob.vercel-storage.com/thumbnails/IMG_9694%20%281%29-imrF8cRo12lMw3ji3OvlKe4wqiChR1.HEIC?download=1,/Users/astra/Documents/GitHub/memories-relive/backups/vercel-blob-thumbnails-2026-04-29_04-46-08/thumbnails/IMG_9694 (1)-imrF8cRo12lMw3ji3OvlKe4wqiChR1.HEIC
thumbnails/IMG_9694-265XYxCja9XR8xbrH5FUI6sCSsWgXq.HEIC,1125874,1125874,2026-04-03T16:54:28.000Z,"""d54bf42229b97c6a1455e7de0c475c2e""",https://ujfyzwgfknssufsx.public.blob.vercel-storage.com/thumbnails/IMG_9694-265XYxCja9XR8xbrH5FUI6sCSsWgXq.HEIC,https://ujfyzwgfknssufsx.public.blob.vercel-storage.com/thumbnails/IMG_9694-265XYxCja9XR8xbrH5FUI6sCSsWgXq.HEIC?download=1,/Users/astra/Documents/GitHub/memories-relive/backups/vercel-blob-thumbnails-2026-04-29_04-46-08/thumbnails/IMG_9694-265XYxCja9XR8xbrH5FUI6sCSsWgXq.HEIC
thumbnails/IMG_9694-GMfzn0IZqE67bp8HpE2noIqaguB81K.HEIC,1125874,1125874,2026-04-03T20:54:47.000Z,"""d54bf42229b97c6a1455e7de0c475c2e""",https://ujfyzwgfknssufsx.public.blob.vercel-storage.com/thumbnails/IMG_9694-GMfzn0IZqE67bp8HpE2noIqaguB81K.HEIC,https://ujfyzwgfknssufsx.public.blob.vercel-storage.com/thumbnails/IMG_9694-GMfzn0IZqE67bp8HpE2noIqaguB81K.HEIC?download=1,/Users/astra/Documents/GitHub/memories-relive/backups/vercel-blob-thumbnails-2026-04-29_04-46-08/thumbnails/IMG_9694-GMfzn0IZqE67bp8HpE2noIqaguB81K.HEIC
thumbnails/IMG_9694-rLb20EL99zT13ZFfx5JATXuUpfUpOx.HEIC,1125874,1125874,2026-04-02T04:03:41.000Z,"""d54bf42229b97c6a1455e7de0c475c2e""",https://ujfyzwgfknssufsx.public.blob.vercel-storage.com/thumbnails/IMG_9694-rLb20EL99zT13ZFfx5JATXuUpfUpOx.HEIC,https://ujfyzwgfknssufsx.public.blob.vercel-storage.com/thumbnails/IMG_9694-rLb20EL99zT13ZFfx5JATXuUpfUpOx.HEIC?download=1,/Users/astra/Documents/GitHub/memories-relive/backups/vercel-blob-thumbnails-2026-04-29_04-46-08/thumbnails/IMG_9694-rLb20EL99zT13ZFfx5JATXuUpfUpOx.HEIC
thumbnails/IMG_9697-6rLz4s5NRm1Xvqm9BxfBp7oaIi7sID.HEIC,1565514,1565514,2026-03-30T19:10:40.000Z,"""8c48c082ad055cf15cf3561c641f404c""",https://ujfyzwgfknssufsx.public.blob.vercel-storage.com/thumbnails/IMG_9697-6rLz4s5NRm1Xvqm9BxfBp7oaIi7sID.HEIC,https://ujfyzwgfknssufsx.public.blob.vercel-storage.com/thumbnails/IMG_9697-6rLz4s5NRm1Xvqm9BxfBp7oaIi7sID.HEIC?download=1,/Users/astra/Documents/GitHub/memories-relive/backups/vercel-blob-thumbnails-2026-04-29_04-46-08/thumbnails/IMG_9697-6rLz4s5NRm1Xvqm9BxfBp7oaIi7sID.HEIC
thumbnails/IMG_9697-U31leH8vmWA0H9myzSuFcDKDCjOev4.HEIC,1565514,1565514,2026-03-30T19:40:51.000Z,"""8c48c082ad055cf15cf3561c641f404c""",https://ujfyzwgfknssufsx.public.blob.vercel-storage.com/thumbnails/IMG_9697-U31leH8vmWA0H9myzSuFcDKDCjOev4.HEIC,https://ujfyzwgfknssufsx.public.blob.vercel-storage.com/thumbnails/IMG_9697-U31leH8vmWA0H9myzSuFcDKDCjOev4.HEIC?download=1,/Users/astra/Documents/GitHub/memories-relive/backups/vercel-blob-thumbnails-2026-04-29_04-46-08/thumbnails/IMG_9697-U31leH8vmWA0H9myzSuFcDKDCjOev4.HEIC
thumbnails/c9c97626784b036a0f9e7e2b1c6c088c-WdQyuQGWbiZVBhyPyevOzXLNr7Nrmq.JPG,359077,359077,2026-04-03T16:53:37.000Z,"""424c2ef474312d6bf2245d72f90816cc""",https://ujfyzwgfknssufsx.public.blob.vercel-storage.com/thumbnails/c9c97626784b036a0f9e7e2b1c6c088c-WdQyuQGWbiZVBhyPyevOzXLNr7Nrmq.JPG,https://ujfyzwgfknssufsx.public.blob.vercel-storage.com/thumbnails/c9c97626784b036a0f9e7e2b1c6c088c-WdQyuQGWbiZVBhyPyevOzXLNr7Nrmq.JPG?download=1,/Users/astra/Documents/GitHub/memories-relive/backups/vercel-blob-thumbnails-2026-04-29_04-46-08/thumbnails/c9c97626784b036a0f9e7e2b1c6c088c-WdQyuQGWbiZVBhyPyevOzXLNr7Nrmq.JPG
thumbnails/c9c97626784b036a0f9e7e2b1c6c088c-rUyjqotIzzJX1sFSo0Ufzy4aPVz7cs.JPG,359077,359077,2026-04-02T04:02:26.000Z,"""424c2ef474312d6bf2245d72f90816cc""",https://ujfyzwgfknssufsx.public.blob.vercel-storage.com/thumbnails/c9c97626784b036a0f9e7e2b1c6c088c-rUyjqotIzzJX1sFSo0Ufzy4aPVz7cs.JPG,https://ujfyzwgfknssufsx.public.blob.vercel-storage.com/thumbnails/c9c97626784b036a0f9e7e2b1c6c088c-rUyjqotIzzJX1sFSo0Ufzy4aPVz7cs.JPG?download=1,/Users/astra/Documents/GitHub/memories-relive/backups/vercel-blob-thumbnails-2026-04-29_04-46-08/thumbnails/c9c97626784b036a0f9e7e2b1c6c088c-rUyjqotIzzJX1sFSo0Ufzy4aPVz7cs.JPG
thumbnails/indoor-sofa-Ud0njqLf3pfoO3t5G6qqqDYt3XuDdq.jpg,47241,47241,2026-03-30T18:38:53.000Z,"""233c33ac8b9b63657a9feae93f8a6e77""",https://ujfyzwgfknssufsx.public.blob.vercel-storage.com/thumbnails/indoor-sofa-Ud0njqLf3pfoO3t5G6qqqDYt3XuDdq.jpg,https://ujfyzwgfknssufsx.public.blob.vercel-storage.com/thumbnails/indoor-sofa-Ud0njqLf3pfoO3t5G6qqqDYt3XuDdq.jpg?download=1,/Users/astra/Documents/GitHub/memories-relive/backups/vercel-blob-thumbnails-2026-04-29_04-46-08/thumbnails/indoor-sofa-Ud0njqLf3pfoO3t5G6qqqDYt3XuDdq.jpg
thumbnails/indoor-sofa.jpg,47241,47241,2026-03-30T18:36:46.000Z,"""233c33ac8b9b63657a9feae93f8a6e77""",https://ujfyzwgfknssufsx.public.blob.vercel-storage.com/thumbnails/indoor-sofa.jpg,https://ujfyzwgfknssufsx.public.blob.vercel-storage.com/thumbnails/indoor-sofa.jpg?download=1,/Users/astra/Documents/GitHub/memories-relive/backups/vercel-blob-thumbnails-2026-04-29_04-46-08/thumbnails/indoor-sofa.jpg
